Nombre;Apellido;Direccion;Genero;'Fecha de nacimiento;'
Sintia;Juarez;Barrio xxxx calle xxxx;Femenino;12/04/1980 0:00:00;
Facundo;Carabajar;Barrio xxxx calle xxxx;Masculino;19/09/1983 0:00:00;
Sintia;Carabajar;Barrio xxxx calle xxxx;Femenino;03/06/1976 0:00:00;
Ana;Juarez;Barrio xxxx calle xxxx;Femenino;07/06/1971 0:00:00;
Abril;Juarez;Barrio xxxx calle xxxx;Femenino;24/02/1990 0:00:00;
Adam;Carabajar;Barrio xxxx calle xxxx;Masculino;16/08/1982 0:00:00;
Ana;Garcia;Barrio xxxx calle xxxx;Femenino;16/01/1992 0:00:00;
Silvia;Garcia;Barrio xxxx calle xxxx;Femenino;05/04/1997 0:00:00;
Facundo;Carabajar;Barrio xxxx calle xxxx;Masculino;07/11/1982 0:00:00;
Juan;Juarez;Barrio xxxx calle xxxx;Masculino;10/05/1974 0:00:00;
Abril;Garcia;Barrio xxxx calle xxxx;Femenino;02/11/1985 0:00:00;
Juan;Fernandez;Barrio xxxx calle xxxx;Masculino;07/05/1987 0:00:00;
Juan;Juarez;Barrio xxxx calle xxxx;Masculino;22/07/1996 0:00:00;
Silvia;Fernandez;Barrio xxxx calle xxxx;Femenino;24/04/1977 0:00:00;
Facundo;Carabajar;Barrio xxxx calle xxxx;Masculino;12/09/1975 0:00:00;
Adam;Carabajar;Barrio xxxx calle xxxx;Masculino;03/02/1993 0:00:00;
Silvia;Garcia;Barrio xxxx calle xxxx;Femenino;20/08/1979 0:00:00;
Sintia;Fernandez;Barrio xxxx calle xxxx;Femenino;09/11/1979 0:00:00;
Silvia;Juarez;Barrio xxxx calle xxxx;Femenino;05/01/1998 0:00:00;
Juan;Garcia;Barrio xxxx calle xxxx;Masculino;16/04/1990 0:00:00;
